{
    "epe": 297.7492140016494,
    "clk": 1.0,
    "cycle": 11900,
    "total_time": 1782545.8033573143,
    "memory power ": 0.20422539130434783,
    "component power": 0.7944826832298136,
    "component_energy": 0.5736362005594142,
    "rram_energy": 0.12158611832077754,
    "memory_energy": 0.3029936725698287,
    "energy": 103914728.18406364
}