{
    "rram_ratio": 0.3,
    "rram_res": 2,
    "xbar_size": 256,
    "res": {
        "epe": 300.11783207110096,
        "clk": 150.42437431991294,
        "cycle": 11901,
        "total_time": 1790200.4787812838,
        "dup": [
            184,
            181,
            45,
            44,
            13,
            11,
            11,
            3,
            3,
            3,
            1,
            1,
            1
        ],
        "reram_power": 34.5,
        "memory power ": 0.20422539130434783,
        "component power": 0.7944826832298136,
        "component_energy": 0.5686173839333829,
        "rram_energy": 0.12293982660786144,
        "memory_energy": 0.3066368670822108,
        "energy": 103094602.63150865,
        "comp_alloc": {
            "vgg0_conv0_fwd": {
                "DAC": 39744,
                "ADC": 2508,
                "SHIFTADD": 316,
                "ADDITION": 4,
                "RELU": 12
            },
            "vgg0_conv1_fwd": {
                "DAC": 834048,
                "ADC": 7524,
                "SHIFTADD": 948,
                "ADDITION": 12,
                "RELU": 36
            },
            "vgg0_pool0_fwd": {
                "POOL": 13
            },
            "vgg0_conv2_fwd": {
                "DAC": 207360,
                "ADC": 1881,
                "SHIFTADD": 237,
                "ADDITION": 3,
                "RELU": 9
            },
            "vgg0_conv3_fwd": {
                "DAC": 405504,
                "ADC": 3135,
                "SHIFTADD": 395,
                "ADDITION": 5,
                "RELU": 15
            },
            "vgg0_pool1_fwd": {
                "POOL": 13
            },
            "vgg0_conv4_fwd": {
                "DAC": 119808,
                "ADC": 1254,
                "SHIFTADD": 158,
                "ADDITION": 2,
                "RELU": 6
            },
            "vgg0_conv5_fwd": {
                "DAC": 202752,
                "ADC": 1881,
                "SHIFTADD": 237,
                "ADDITION": 3,
                "RELU": 9
            },
            "vgg0_conv6_fwd": {
                "DAC": 202752,
                "ADC": 1881,
                "SHIFTADD": 237,
                "ADDITION": 3,
                "RELU": 9
            },
            "vgg0_pool2_fwd": {
                "POOL": 13
            },
            "vgg0_conv7_fwd": {
                "DAC": 110592,
                "ADC": 1254,
                "SHIFTADD": 158,
                "ADDITION": 2,
                "RELU": 6
            },
            "vgg0_conv8_fwd": {
                "DAC": 221184,
                "ADC": 1881,
                "SHIFTADD": 237,
                "ADDITION": 3,
                "RELU": 9
            },
            "vgg0_conv9_fwd": {
                "DAC": 221184,
                "ADC": 1881,
                "SHIFTADD": 237,
                "ADDITION": 3,
                "RELU": 9
            },
            "vgg0_pool3_fwd": {
                "POOL": 13
            },
            "vgg0_conv10_fwd": {
                "DAC": 73728,
                "ADC": 627,
                "SHIFTADD": 79,
                "ADDITION": 1,
                "RELU": 3
            },
            "vgg0_conv11_fwd": {
                "DAC": 73728,
                "ADC": 627,
                "SHIFTADD": 79,
                "ADDITION": 1,
                "RELU": 3
            },
            "vgg0_conv12_fwd": {
                "DAC": 73728,
                "ADC": 627,
                "SHIFTADD": 79,
                "ADDITION": 1,
                "RELU": 3
            },
            "vgg0_pool4_fwd": {
                "POOL": 13
            },
            "vgg0_dense0_fwd": {
                "DAC": 100,
                "ADC": 20691,
                "SHIFTADD": 2607,
                "ADDITION": 33,
                "RELU": 99
            },
            "vgg0_dense1_fwd": {
                "DAC": 100,
                "ADC": 3762,
                "SHIFTADD": 474,
                "ADDITION": 6,
                "RELU": 18
            },
            "vgg0_dense2_fwd": {
                "DAC": 100,
                "ADC": 1254,
                "SHIFTADD": 158,
                "ADDITION": 2
            }
        },
        "dac_res": 1,
        "adc_res": 9,
        "xbar_size": 256
    }
}