{
    "epe": 613.8200923364478,
    "clk": 0.9591673894189071,
    "cycle": 12066,
    "total_time": 1206600,
    "memory power ": 0.045353055900621116,
    "component power": 0.9533550186335404,
    "component_energy": 0.780873047011816,
    "rram_energy": 0.13475647876817878,
    "memory_energy": 0.08234898508653558,
    "energy": 62076217.93376321
}