{
    "epe": 161.93410585603579,
    "clk": 1.0,
    "cycle": 2729,
    "total_time": 841465.3382899628,
    "memory power ": 0.046992322981366456,
    "component power": 0.9517157515527951,
    "component_energy": 0.6686648385669725,
    "rram_energy": 0.17850609671080184,
    "memory_energy": 0.14892314727075828,
    "energy": 22405080.565458704
}