{
    "rram_ratio": 0.3,
    "rram_res": 2,
    "xbar_size": 256,
    "res": {
        "epe": 170.51083637664928,
        "clk": 304.6724482988659,
        "cycle": 2584,
        "total_time": 787273.6064042695,
        "dup": [
            446,
            185,
            240,
            224,
            77,
            60,
            20,
            16,
            25,
            27,
            11,
            12,
            4,
            5,
            4,
            3,
            1,
            1,
            1,
            1
        ],
        "reram_power": 34.5,
        "memory power ": 0.04644590062111801,
        "component power": 0.9522621739130435,
        "component_energy": 0.6709999103442937,
        "rram_energy": 0.17957368073389127,
        "memory_energy": 0.1455784876459081,
        "energy": 21278100.35478108,
        "comp_alloc": {
            "/conv1/Conv_output_0": {
                "DAC": 524496,
                "ADC": 3230,
                "SHIFTADD": 410,
                "ADDITION": 10
            },
            "/maxpool/MaxPool_output_0": {
                "POOL": 15
            },
            "/layer1/layer1.0/conv1/Conv_output_0": {
                "DAC": 852480,
                "ADC": 3876,
                "SHIFTADD": 492,
                "ADDITION": 12
            },
            "/layer1/layer1.0/conv2/Conv_output_0": {
                "DAC": 1105920,
                "ADC": 4845,
                "SHIFTADD": 615,
                "ADDITION": 15
            },
            "/layer1/layer1.0/Add_output_0": {
                "ELTWISE": 3,
                "RELU": 3
            },
            "/layer1/layer1.1/conv1/Conv_output_0": {
                "DAC": 1032192,
                "ADC": 4522,
                "SHIFTADD": 574,
                "ADDITION": 14
            },
            "/layer1/layer1.1/conv2/Conv_output_0": {
                "DAC": 354816,
                "ADC": 1615,
                "SHIFTADD": 205,
                "ADDITION": 5
            },
            "/layer1/layer1.1/Add_output_0": {
                "ELTWISE": 3,
                "RELU": 3
            },
            "/layer2/layer2.0/conv1/Conv_output_0": {
                "DAC": 276480,
                "ADC": 1292,
                "SHIFTADD": 164,
                "ADDITION": 4
            },
            "/layer2/layer2.0/conv2/Conv_output_0": {
                "DAC": 184320,
                "ADC": 969,
                "SHIFTADD": 123,
                "ADDITION": 3
            },
            "/layer2/layer2.0/downsample/downsample.0/Conv_output_0": {
                "DAC": 8192,
                "ADC": 323,
                "SHIFTADD": 41,
                "ADDITION": 1
            },
            "/layer2/layer2.0/Add_output_0": {
                "ELTWISE": 3,
                "RELU": 3
            },
            "/layer2/layer2.1/conv1/Conv_output_0": {
                "DAC": 230400,
                "ADC": 969,
                "SHIFTADD": 123,
                "ADDITION": 3
            },
            "/layer2/layer2.1/conv2/Conv_output_0": {
                "DAC": 248832,
                "ADC": 969,
                "SHIFTADD": 123,
                "ADDITION": 3
            },
            "/layer2/layer2.1/Add_output_0": {
                "ELTWISE": 3,
                "RELU": 3
            },
            "/layer3/layer3.0/conv1/Conv_output_0": {
                "DAC": 101376,
                "ADC": 646,
                "SHIFTADD": 82,
                "ADDITION": 2
            },
            "/layer3/layer3.0/conv2/Conv_output_0": {
                "DAC": 221184,
                "ADC": 969,
                "SHIFTADD": 123,
                "ADDITION": 3
            },
            "/layer3/layer3.0/downsample/downsample.0/Conv_output_0": {
                "DAC": 4096,
                "ADC": 323,
                "SHIFTADD": 41,
                "ADDITION": 1
            },
            "/layer3/layer3.0/Add_output_0": {
                "ELTWISE": 3,
                "RELU": 3
            },
            "/layer3/layer3.1/conv1/Conv_output_0": {
                "DAC": 92160,
                "ADC": 323,
                "SHIFTADD": 41,
                "ADDITION": 1
            },
            "/layer3/layer3.1/conv2/Conv_output_0": {
                "DAC": 73728,
                "ADC": 323,
                "SHIFTADD": 41,
                "ADDITION": 1
            },
            "/layer3/layer3.1/Add_output_0": {
                "ELTWISE": 3,
                "RELU": 3
            },
            "/layer4/layer4.0/conv1/Conv_output_0": {
                "DAC": 110592,
                "ADC": 646,
                "SHIFTADD": 82,
                "ADDITION": 2
            },
            "/layer4/layer4.0/conv2/Conv_output_0": {
                "DAC": 73728,
                "ADC": 323,
                "SHIFTADD": 41,
                "ADDITION": 1
            },
            "/layer4/layer4.0/downsample/downsample.0/Conv_output_0": {
                "DAC": 4096,
                "ADC": 323,
                "SHIFTADD": 41,
                "ADDITION": 1
            },
            "/layer4/layer4.0/Add_output_0": {
                "ELTWISE": 3,
                "RELU": 3
            },
            "/layer4/layer4.1/conv1/Conv_output_0": {
                "DAC": 73728,
                "ADC": 323,
                "SHIFTADD": 41,
                "ADDITION": 1
            },
            "/layer4/layer4.1/conv2/Conv_output_0": {
                "DAC": 73728,
                "ADC": 323,
                "SHIFTADD": 41,
                "ADDITION": 1
            },
            "/layer4/layer4.1/Add_output_0": {
                "ELTWISE": 3,
                "RELU": 3
            },
            "/avgpool/GlobalAveragePool_output_0": {
                "POOL": 15
            },
            "191": {
                "DAC": 100,
                "ADC": 323,
                "SHIFTADD": 41,
                "ADDITION": 1
            }
        },
        "dac_res": 1,
        "adc_res": 9,
        "xbar_size": 256
    }
}