{
    "epe": 87.97991482302207,
    "clk": 1.0,
    "cycle": 3066,
    "total_time": 1150757.532861476,
    "memory power ": 0.20908790062111798,
    "component power": 0.7896201739130435,
    "component_energy": 0.39542964383364854,
    "rram_energy": 0.12295749288290804,
    "memory_energy": 0.47871073994702273,
    "energy": 41238351.90450318
}