{
    "epe": 394.0836780334761,
    "clk": 1.0,
    "cycle": 500,
    "total_time": 107362.88358499756,
    "memory power ": 0.04262094409937888,
    "component power": 0.9560871304347826,
    "component_energy": 0.7094108385154084,
    "rram_energy": 0.17474998171369222,
    "memory_energy": 0.11275859532564518,
    "energy": 3624552.4481698126
}