{
    "epe": 174.23979119886187,
    "clk": 1.0,
    "cycle": 9679,
    "total_time": 2016021.8853586635,
    "memory power ": 0.3938632546583851,
    "component power": 0.6048448198757764,
    "component_energy": 0.38802019953906125,
    "rram_energy": 0.09682945862952884,
    "memory_energy": 0.5135350826266433,
    "energy": 129803486.31264733
}